,N_MODEL,HIDDEN_SIZE,N_LAYERS,DIRECTIONS,RECALL,PERCISION,F1,RECALL_WO_O,PERCISION_WO_O,F1_WO_O
0,model_1,0.8101133946791808,0.8670723185801037,0.9132405525564713,0.5113423988609378,0.5015162946871996,0.7982951789667752,0.6499639307777652,0.7019668772577033,0.795792669436101
1,model_2,0.3379951568515358,0.375582952639944,0.093981939840869,0.578280140996174,0.035942273796742086,0.46559801813246016,0.5426446347075766,0.2865412521282844,0.5908332605690108
2,model_3,0.03734818874921442,0.8226005606596583,0.3601906414112629,0.12706051265188478,0.5222432600548044,0.7699935530986108,0.21582102749684318,0.6228904758190003,0.085347464993768
3,model_4,0.531354631568148,0.5406351216101065,0.6374299014982066,0.7260913337226615,0.9758520794625346,0.5163003483011953,0.32295647294124596,0.7951861947687037,0.2708322512620742
4,model_5,0.07845638134226596,0.02535074341545751,0.9626484146779251,0.8359801205122058,0.695974206093698,0.4089529444142699,0.17329432007084578,0.15643704267108605,0.25024289816459533
5,model_6,0.7145959227000623,0.6601973767177313,0.27993389694594284,0.9548652806631941,0.7378969166957685,0.5543540525114007,0.6117207462343522,0.4196000624277899,0.24773098950115746
6,model_7,0.7578461104643691,0.014393488629755868,0.11607264050691624,0.04600264202175275,0.040728802318970136,0.8554605840110072,0.7036578593800237,0.4741738290873252,0.09783416065100148
7,model_8,0.4734717707805657,0.17320186991001518,0.43385164923797304,0.39850473439737344,0.6158500980522165,0.6350936508676438,0.04530400977204452,0.3746126146264712,0.6258599157142364
8,model_9,0.8564898411883223,0.658693631618945,0.1629344270814297,0.07056874740042984,0.6424192782063156,0.026511310541621813,0.5857755812734633,0.9402302414249576,0.575474177875879
